method,image,brightness_factor,score,false_alarm
difference,cashew/Data/Images/Normal/023.JPG,0.8,0.21830004453659058,True
autoencoder,cashew/Data/Images/Normal/023.JPG,0.8,0.1549355387687683,False
difference,cashew/Data/Images/Normal/352.JPG,0.8,0.2417413890361786,True
autoencoder,cashew/Data/Images/Normal/352.JPG,0.8,0.14522187411785126,False
difference,cashew/Data/Images/Normal/104.JPG,0.8,0.166900172829628,False
autoencoder,cashew/Data/Images/Normal/104.JPG,0.8,0.15041787922382355,False
difference,cashew/Data/Images/Normal/337.JPG,0.8,0.20238423347473145,True
autoencoder,cashew/Data/Images/Normal/337.JPG,0.8,0.15867966413497925,False
difference,cashew/Data/Images/Normal/213.JPG,0.8,0.19018912315368652,True
autoencoder,cashew/Data/Images/Normal/213.JPG,0.8,0.15570496022701263,False
difference,cashew/Data/Images/Normal/276.JPG,0.8,0.15960125625133514,False
autoencoder,cashew/Data/Images/Normal/276.JPG,0.8,0.15734688937664032,False
difference,cashew/Data/Images/Normal/402.JPG,0.8,0.2637016773223877,True
autoencoder,cashew/Data/Images/Normal/402.JPG,0.8,0.1468529850244522,False
difference,cashew/Data/Images/Normal/166.JPG,0.8,0.1900547295808792,True
autoencoder,cashew/Data/Images/Normal/166.JPG,0.8,0.14404140412807465,False
difference,cashew/Data/Images/Normal/013.JPG,0.8,0.1944977045059204,True
autoencoder,cashew/Data/Images/Normal/013.JPG,0.8,0.14619018137454987,False
difference,cashew/Data/Images/Normal/050.JPG,0.8,0.19106262922286987,True
autoencoder,cashew/Data/Images/Normal/050.JPG,0.8,0.1500639170408249,False
difference,cashew/Data/Images/Normal/400.JPG,0.8,0.16756834089756012,False
autoencoder,cashew/Data/Images/Normal/400.JPG,0.8,0.15493623912334442,False
difference,cashew/Data/Images/Normal/461.JPG,0.8,0.1558399796485901,False
autoencoder,cashew/Data/Images/Normal/461.JPG,0.8,0.1594541370868683,False
difference,cashew/Data/Images/Normal/377.JPG,0.8,0.2247484028339386,True
autoencoder,cashew/Data/Images/Normal/377.JPG,0.8,0.15984714031219482,False
difference,cashew/Data/Images/Normal/006.JPG,0.8,0.21912826597690582,True
autoencoder,cashew/Data/Images/Normal/006.JPG,0.8,0.14968881011009216,False
difference,cashew/Data/Images/Normal/148.JPG,0.8,0.22038152813911438,True
autoencoder,cashew/Data/Images/Normal/148.JPG,0.8,0.1552623212337494,False
difference,cashew/Data/Images/Normal/384.JPG,0.8,0.17040148377418518,True
autoencoder,cashew/Data/Images/Normal/384.JPG,0.8,0.1548096239566803,False
difference,cashew/Data/Images/Normal/228.JPG,0.8,0.2144325077533722,True
autoencoder,cashew/Data/Images/Normal/228.JPG,0.8,0.1521412432193756,False
difference,cashew/Data/Images/Normal/260.JPG,0.8,0.17712616920471191,True
autoencoder,cashew/Data/Images/Normal/260.JPG,0.8,0.15754438936710358,False
difference,cashew/Data/Images/Normal/435.JPG,0.8,0.2864326238632202,True
autoencoder,cashew/Data/Images/Normal/435.JPG,0.8,0.1460103541612625,False
difference,cashew/Data/Images/Normal/405.JPG,0.8,0.21981965005397797,True
autoencoder,cashew/Data/Images/Normal/405.JPG,0.8,0.1600715070962906,False
difference,cashew/Data/Images/Normal/087.JPG,0.8,0.19762039184570312,True
autoencoder,cashew/Data/Images/Normal/087.JPG,0.8,0.15091894567012787,False
difference,cashew/Data/Images/Normal/324.JPG,0.8,0.18422697484493256,True
autoencoder,cashew/Data/Images/Normal/324.JPG,0.8,0.1412503719329834,False
difference,cashew/Data/Images/Normal/130.JPG,0.8,0.1875068098306656,True
autoencoder,cashew/Data/Images/Normal/130.JPG,0.8,0.1478559672832489,False
difference,cashew/Data/Images/Normal/392.JPG,0.8,0.17840182781219482,True
autoencoder,cashew/Data/Images/Normal/392.JPG,0.8,0.14494436979293823,False
difference,cashew/Data/Images/Normal/467.JPG,0.8,0.13604719936847687,False
autoencoder,cashew/Data/Images/Normal/467.JPG,0.8,0.14722861349582672,False
difference,cashew/Data/Images/Normal/143.JPG,0.8,0.21916966140270233,True
autoencoder,cashew/Data/Images/Normal/143.JPG,0.8,0.14359860122203827,False
difference,cashew/Data/Images/Normal/389.JPG,0.8,0.17937445640563965,True
autoencoder,cashew/Data/Images/Normal/389.JPG,0.8,0.1551438271999359,False
difference,cashew/Data/Images/Normal/181.JPG,0.8,0.20567698776721954,True
autoencoder,cashew/Data/Images/Normal/181.JPG,0.8,0.14390964806079865,False
difference,cashew/Data/Images/Normal/309.JPG,0.8,0.21130520105361938,True
autoencoder,cashew/Data/Images/Normal/309.JPG,0.8,0.14623837172985077,False
difference,cashew/Data/Images/Normal/012.JPG,0.8,0.18936699628829956,True
autoencoder,cashew/Data/Images/Normal/012.JPG,0.8,0.14560580253601074,False
difference,cashew/Data/Images/Normal/367.JPG,0.8,0.2349659502506256,True
autoencoder,cashew/Data/Images/Normal/367.JPG,0.8,0.1622133105993271,False
difference,cashew/Data/Images/Normal/344.JPG,0.8,0.1805253028869629,True
autoencoder,cashew/Data/Images/Normal/344.JPG,0.8,0.16975268721580505,False
difference,cashew/Data/Images/Normal/484.JPG,0.8,0.17149882018566132,True
autoencoder,cashew/Data/Images/Normal/484.JPG,0.8,0.14785148203372955,False
difference,cashew/Data/Images/Normal/089.JPG,0.8,0.1709323227405548,True
autoencoder,cashew/Data/Images/Normal/089.JPG,0.8,0.1659744530916214,False
difference,cashew/Data/Images/Normal/398.JPG,0.8,0.17694473266601562,True
autoencoder,cashew/Data/Images/Normal/398.JPG,0.8,0.1592179834842682,False
difference,cashew/Data/Images/Normal/460.JPG,0.8,0.1864597201347351,True
autoencoder,cashew/Data/Images/Normal/460.JPG,0.8,0.15692681074142456,False
difference,cashew/Data/Images/Normal/239.JPG,0.8,0.17306604981422424,True
autoencoder,cashew/Data/Images/Normal/239.JPG,0.8,0.14719995856285095,False
difference,cashew/Data/Images/Normal/342.JPG,0.8,0.19288048148155212,True
autoencoder,cashew/Data/Images/Normal/342.JPG,0.8,0.15232302248477936,False
difference,cashew/Data/Images/Normal/369.JPG,0.8,0.17866015434265137,True
autoencoder,cashew/Data/Images/Normal/369.JPG,0.8,0.1606321632862091,False
difference,cashew/Data/Images/Normal/284.JPG,0.8,0.21722765266895294,True
autoencoder,cashew/Data/Images/Normal/284.JPG,0.8,0.1596633344888687,False
difference,cashew/Data/Images/Normal/098.JPG,0.8,0.2536211311817169,True
autoencoder,cashew/Data/Images/Normal/098.JPG,0.8,0.1453487128019333,False
difference,cashew/Data/Images/Normal/446.JPG,0.8,0.17749203741550446,True
autoencoder,cashew/Data/Images/Normal/446.JPG,0.8,0.15501724183559418,False
difference,cashew/Data/Images/Normal/482.JPG,0.8,0.13798461854457855,False
autoencoder,cashew/Data/Images/Normal/482.JPG,0.8,0.13771973550319672,False
difference,cashew/Data/Images/Normal/093.JPG,0.8,0.17899537086486816,True
autoencoder,cashew/Data/Images/Normal/093.JPG,0.8,0.1589547097682953,False
difference,cashew/Data/Images/Normal/244.JPG,0.8,0.19909414649009705,True
autoencoder,cashew/Data/Images/Normal/244.JPG,0.8,0.161487877368927,False
difference,cashew/Data/Images/Normal/272.JPG,0.8,0.22210818529129028,True
autoencoder,cashew/Data/Images/Normal/272.JPG,0.8,0.15833503007888794,False
difference,cashew/Data/Images/Normal/307.JPG,0.8,0.14717338979244232,False
autoencoder,cashew/Data/Images/Normal/307.JPG,0.8,0.15837453305721283,False
difference,cashew/Data/Images/Normal/487.JPG,0.8,0.1295800507068634,False
autoencoder,cashew/Data/Images/Normal/487.JPG,0.8,0.1506711095571518,False
difference,cashew/Data/Images/Normal/245.JPG,0.8,0.16596437990665436,False
autoencoder,cashew/Data/Images/Normal/245.JPG,0.8,0.14326685667037964,False
difference,cashew/Data/Images/Normal/084.JPG,0.8,0.19163301587104797,True
autoencoder,cashew/Data/Images/Normal/084.JPG,0.8,0.15527260303497314,False
