method,image,label,score,decision,outcome
difference,cashew/Data/Images/Normal/023.JPG,normal,0.09159901738166809,OK,TN
autoencoder,cashew/Data/Images/Normal/023.JPG,normal,0.15974614024162292,OK,TN
difference,cashew/Data/Images/Normal/352.JPG,normal,0.11974571645259857,OK,TN
autoencoder,cashew/Data/Images/Normal/352.JPG,normal,0.1550835818052292,OK,TN
difference,cashew/Data/Images/Normal/104.JPG,normal,0.13265660405158997,OK,TN
autoencoder,cashew/Data/Images/Normal/104.JPG,normal,0.1775938868522644,OK,TN
difference,cashew/Data/Images/Normal/337.JPG,normal,0.11615655571222305,OK,TN
autoencoder,cashew/Data/Images/Normal/337.JPG,normal,0.16907435655593872,OK,TN
difference,cashew/Data/Images/Normal/213.JPG,normal,0.11234497278928757,OK,TN
autoencoder,cashew/Data/Images/Normal/213.JPG,normal,0.1633029282093048,OK,TN
difference,cashew/Data/Images/Normal/276.JPG,normal,0.13499855995178223,OK,TN
autoencoder,cashew/Data/Images/Normal/276.JPG,normal,0.18609490990638733,OK,TN
difference,cashew/Data/Images/Normal/402.JPG,normal,0.13841363787651062,OK,TN
autoencoder,cashew/Data/Images/Normal/402.JPG,normal,0.15400558710098267,OK,TN
difference,cashew/Data/Images/Normal/166.JPG,normal,0.09745776653289795,OK,TN
autoencoder,cashew/Data/Images/Normal/166.JPG,normal,0.16018046438694,OK,TN
difference,cashew/Data/Images/Normal/013.JPG,normal,0.11114020645618439,OK,TN
autoencoder,cashew/Data/Images/Normal/013.JPG,normal,0.16090750694274902,OK,TN
difference,cashew/Data/Images/Normal/050.JPG,normal,0.095807746052742,OK,TN
autoencoder,cashew/Data/Images/Normal/050.JPG,normal,0.16996993124485016,OK,TN
difference,cashew/Data/Images/Normal/400.JPG,normal,0.10329600423574448,OK,TN
autoencoder,cashew/Data/Images/Normal/400.JPG,normal,0.16890327632427216,OK,TN
difference,cashew/Data/Images/Normal/461.JPG,normal,0.1265483945608139,OK,TN
autoencoder,cashew/Data/Images/Normal/461.JPG,normal,0.1753322035074234,OK,TN
difference,cashew/Data/Images/Normal/377.JPG,normal,0.09723725914955139,OK,TN
autoencoder,cashew/Data/Images/Normal/377.JPG,normal,0.16800326108932495,OK,TN
difference,cashew/Data/Images/Normal/006.JPG,normal,0.10597871989011765,OK,TN
autoencoder,cashew/Data/Images/Normal/006.JPG,normal,0.164879709482193,OK,TN
difference,cashew/Data/Images/Normal/148.JPG,normal,0.09796708077192307,OK,TN
autoencoder,cashew/Data/Images/Normal/148.JPG,normal,0.1622348576784134,OK,TN
difference,cashew/Data/Images/Normal/384.JPG,normal,0.09797629714012146,OK,TN
autoencoder,cashew/Data/Images/Normal/384.JPG,normal,0.17285652458667755,OK,TN
difference,cashew/Data/Images/Normal/228.JPG,normal,0.10477003455162048,OK,TN
autoencoder,cashew/Data/Images/Normal/228.JPG,normal,0.16354097425937653,OK,TN
difference,cashew/Data/Images/Normal/260.JPG,normal,0.13143061101436615,OK,TN
autoencoder,cashew/Data/Images/Normal/260.JPG,normal,0.17371943593025208,OK,TN
difference,cashew/Data/Images/Normal/435.JPG,normal,0.2056683748960495,NG,FP
autoencoder,cashew/Data/Images/Normal/435.JPG,normal,0.15794453024864197,OK,TN
difference,cashew/Data/Images/Normal/405.JPG,normal,0.11360539495944977,OK,TN
autoencoder,cashew/Data/Images/Normal/405.JPG,normal,0.17894181609153748,OK,TN
difference,cashew/Data/Images/Normal/087.JPG,normal,0.0885237604379654,OK,TN
autoencoder,cashew/Data/Images/Normal/087.JPG,normal,0.16814056038856506,OK,TN
difference,cashew/Data/Images/Normal/324.JPG,normal,0.10886675864458084,OK,TN
autoencoder,cashew/Data/Images/Normal/324.JPG,normal,0.15545636415481567,OK,TN
difference,cashew/Data/Images/Normal/130.JPG,normal,0.12171342968940735,OK,TN
autoencoder,cashew/Data/Images/Normal/130.JPG,normal,0.16289231181144714,OK,TN
difference,cashew/Data/Images/Normal/392.JPG,normal,0.11719008535146713,OK,TN
autoencoder,cashew/Data/Images/Normal/392.JPG,normal,0.17332832515239716,OK,TN
difference,cashew/Data/Images/Normal/467.JPG,normal,0.14789912104606628,OK,TN
autoencoder,cashew/Data/Images/Normal/467.JPG,normal,0.2094200849533081,NG,FP
difference,cashew/Data/Images/Normal/143.JPG,normal,0.10000959038734436,OK,TN
autoencoder,cashew/Data/Images/Normal/143.JPG,normal,0.1526549905538559,OK,TN
difference,cashew/Data/Images/Normal/389.JPG,normal,0.1107151210308075,OK,TN
autoencoder,cashew/Data/Images/Normal/389.JPG,normal,0.17541995644569397,OK,TN
difference,cashew/Data/Images/Normal/181.JPG,normal,0.1141805499792099,OK,TN
autoencoder,cashew/Data/Images/Normal/181.JPG,normal,0.15477384626865387,OK,TN
difference,cashew/Data/Images/Normal/309.JPG,normal,0.1649288386106491,OK,TN
autoencoder,cashew/Data/Images/Normal/309.JPG,normal,0.1655902862548828,OK,TN
difference,cashew/Data/Images/Normal/012.JPG,normal,0.12434250116348267,OK,TN
autoencoder,cashew/Data/Images/Normal/012.JPG,normal,0.16632723808288574,OK,TN
difference,cashew/Data/Images/Normal/367.JPG,normal,0.12748268246650696,OK,TN
autoencoder,cashew/Data/Images/Normal/367.JPG,normal,0.1681046187877655,OK,TN
difference,cashew/Data/Images/Normal/344.JPG,normal,0.13453762233257294,OK,TN
autoencoder,cashew/Data/Images/Normal/344.JPG,normal,0.179956316947937,OK,TN
difference,cashew/Data/Images/Normal/484.JPG,normal,0.2043789178133011,NG,FP
autoencoder,cashew/Data/Images/Normal/484.JPG,normal,0.21218764781951904,NG,FP
difference,cashew/Data/Images/Normal/089.JPG,normal,0.17835555970668793,NG,FP
autoencoder,cashew/Data/Images/Normal/089.JPG,normal,0.18565312027931213,OK,TN
difference,cashew/Data/Images/Normal/398.JPG,normal,0.17086368799209595,NG,FP
autoencoder,cashew/Data/Images/Normal/398.JPG,normal,0.17224447429180145,OK,TN
difference,cashew/Data/Images/Normal/460.JPG,normal,0.15185999870300293,OK,TN
autoencoder,cashew/Data/Images/Normal/460.JPG,normal,0.16936518251895905,OK,TN
difference,cashew/Data/Images/Normal/239.JPG,normal,0.09447687864303589,OK,TN
autoencoder,cashew/Data/Images/Normal/239.JPG,normal,0.1711001843214035,OK,TN
difference,cashew/Data/Images/Normal/342.JPG,normal,0.14138270914554596,OK,TN
autoencoder,cashew/Data/Images/Normal/342.JPG,normal,0.17655348777770996,OK,TN
difference,cashew/Data/Images/Normal/369.JPG,normal,0.16874642670154572,OK,TN
autoencoder,cashew/Data/Images/Normal/369.JPG,normal,0.16678686439990997,OK,TN
difference,cashew/Data/Images/Normal/284.JPG,normal,0.1165049597620964,OK,TN
autoencoder,cashew/Data/Images/Normal/284.JPG,normal,0.16890200972557068,OK,TN
difference,cashew/Data/Images/Normal/098.JPG,normal,0.13424652814865112,OK,TN
autoencoder,cashew/Data/Images/Normal/098.JPG,normal,0.14669020473957062,OK,TN
difference,cashew/Data/Images/Normal/446.JPG,normal,0.09587277472019196,OK,TN
autoencoder,cashew/Data/Images/Normal/446.JPG,normal,0.1786261349916458,OK,TN
difference,cashew/Data/Images/Normal/482.JPG,normal,0.14726978540420532,OK,TN
autoencoder,cashew/Data/Images/Normal/482.JPG,normal,0.19491948187351227,NG,FP
difference,cashew/Data/Images/Normal/093.JPG,normal,0.0921645313501358,OK,TN
autoencoder,cashew/Data/Images/Normal/093.JPG,normal,0.17042125761508942,OK,TN
difference,cashew/Data/Images/Normal/244.JPG,normal,0.15632157027721405,OK,TN
autoencoder,cashew/Data/Images/Normal/244.JPG,normal,0.17209815979003906,OK,TN
difference,cashew/Data/Images/Normal/272.JPG,normal,0.1565089225769043,OK,TN
autoencoder,cashew/Data/Images/Normal/272.JPG,normal,0.1776815950870514,OK,TN
difference,cashew/Data/Images/Normal/307.JPG,normal,0.11818906664848328,OK,TN
autoencoder,cashew/Data/Images/Normal/307.JPG,normal,0.18103231489658356,OK,TN
difference,cashew/Data/Images/Normal/487.JPG,normal,0.2067084014415741,NG,FP
autoencoder,cashew/Data/Images/Normal/487.JPG,normal,0.20786815881729126,NG,FP
difference,cashew/Data/Images/Normal/245.JPG,normal,0.14063425362110138,OK,TN
autoencoder,cashew/Data/Images/Normal/245.JPG,normal,0.1607724279165268,OK,TN
difference,cashew/Data/Images/Normal/084.JPG,normal,0.1656326800584793,OK,TN
autoencoder,cashew/Data/Images/Normal/084.JPG,normal,0.16544197499752045,OK,TN
difference,cashew/Data/Images/Anomaly/000.JPG,anomaly,0.18527363240718842,NG,TP
autoencoder,cashew/Data/Images/Anomaly/000.JPG,anomaly,0.21468175947666168,NG,TP
difference,cashew/Data/Images/Anomaly/001.JPG,anomaly,0.1395561844110489,OK,FN
autoencoder,cashew/Data/Images/Anomaly/001.JPG,anomaly,0.2080136090517044,NG,TP
difference,cashew/Data/Images/Anomaly/002.JPG,anomaly,0.1359359622001648,OK,FN
autoencoder,cashew/Data/Images/Anomaly/002.JPG,anomaly,0.19969835877418518,NG,TP
difference,cashew/Data/Images/Anomaly/003.JPG,anomaly,0.1474837064743042,OK,FN
autoencoder,cashew/Data/Images/Anomaly/003.JPG,anomaly,0.18267782032489777,OK,FN
difference,cashew/Data/Images/Anomaly/004.JPG,anomaly,0.10755418241024017,OK,FN
autoencoder,cashew/Data/Images/Anomaly/004.JPG,anomaly,0.1991148740053177,NG,TP
difference,cashew/Data/Images/Anomaly/005.JPG,anomaly,0.1277705281972885,OK,FN
autoencoder,cashew/Data/Images/Anomaly/005.JPG,anomaly,0.1727115362882614,OK,FN
difference,cashew/Data/Images/Anomaly/006.JPG,anomaly,0.21485896408557892,NG,TP
autoencoder,cashew/Data/Images/Anomaly/006.JPG,anomaly,0.20802246034145355,NG,TP
difference,cashew/Data/Images/Anomaly/007.JPG,anomaly,0.19847728312015533,NG,TP
autoencoder,cashew/Data/Images/Anomaly/007.JPG,anomaly,0.20596341788768768,NG,TP
difference,cashew/Data/Images/Anomaly/008.JPG,anomaly,0.1832488626241684,NG,TP
autoencoder,cashew/Data/Images/Anomaly/008.JPG,anomaly,0.2022928148508072,NG,TP
difference,cashew/Data/Images/Anomaly/009.JPG,anomaly,0.15061862766742706,OK,FN
autoencoder,cashew/Data/Images/Anomaly/009.JPG,anomaly,0.19304896891117096,NG,TP
difference,cashew/Data/Images/Anomaly/010.JPG,anomaly,0.15505480766296387,OK,FN
autoencoder,cashew/Data/Images/Anomaly/010.JPG,anomaly,0.1954135000705719,NG,TP
difference,cashew/Data/Images/Anomaly/011.JPG,anomaly,0.1338953673839569,OK,FN
autoencoder,cashew/Data/Images/Anomaly/011.JPG,anomaly,0.20142368972301483,NG,TP
difference,cashew/Data/Images/Anomaly/012.JPG,anomaly,0.15967005491256714,OK,FN
autoencoder,cashew/Data/Images/Anomaly/012.JPG,anomaly,0.20157930254936218,NG,TP
difference,cashew/Data/Images/Anomaly/013.JPG,anomaly,0.1659291833639145,OK,FN
autoencoder,cashew/Data/Images/Anomaly/013.JPG,anomaly,0.19733363389968872,NG,TP
difference,cashew/Data/Images/Anomaly/014.JPG,anomaly,0.16396154463291168,OK,FN
autoencoder,cashew/Data/Images/Anomaly/014.JPG,anomaly,0.21401549875736237,NG,TP
difference,cashew/Data/Images/Anomaly/015.JPG,anomaly,0.14459273219108582,OK,FN
autoencoder,cashew/Data/Images/Anomaly/015.JPG,anomaly,0.2034507393836975,NG,TP
difference,cashew/Data/Images/Anomaly/016.JPG,anomaly,0.1322399526834488,OK,FN
autoencoder,cashew/Data/Images/Anomaly/016.JPG,anomaly,0.19259995222091675,NG,TP
difference,cashew/Data/Images/Anomaly/017.JPG,anomaly,0.1519578993320465,OK,FN
autoencoder,cashew/Data/Images/Anomaly/017.JPG,anomaly,0.21261794865131378,NG,TP
difference,cashew/Data/Images/Anomaly/018.JPG,anomaly,0.1385331153869629,OK,FN
autoencoder,cashew/Data/Images/Anomaly/018.JPG,anomaly,0.2070731222629547,NG,TP
difference,cashew/Data/Images/Anomaly/019.JPG,anomaly,0.19854214787483215,NG,TP
autoencoder,cashew/Data/Images/Anomaly/019.JPG,anomaly,0.22326092422008514,NG,TP
difference,cashew/Data/Images/Anomaly/020.JPG,anomaly,0.22398483753204346,NG,TP
autoencoder,cashew/Data/Images/Anomaly/020.JPG,anomaly,0.22343358397483826,NG,TP
difference,cashew/Data/Images/Anomaly/021.JPG,anomaly,0.09686735272407532,OK,FN
autoencoder,cashew/Data/Images/Anomaly/021.JPG,anomaly,0.18372178077697754,OK,FN
difference,cashew/Data/Images/Anomaly/022.JPG,anomaly,0.22259563207626343,NG,TP
autoencoder,cashew/Data/Images/Anomaly/022.JPG,anomaly,0.19034379720687866,NG,TP
difference,cashew/Data/Images/Anomaly/023.JPG,anomaly,0.15438278019428253,OK,FN
autoencoder,cashew/Data/Images/Anomaly/023.JPG,anomaly,0.18241475522518158,OK,FN
difference,cashew/Data/Images/Anomaly/024.JPG,anomaly,0.18348442018032074,NG,TP
autoencoder,cashew/Data/Images/Anomaly/024.JPG,anomaly,0.19129405915737152,NG,TP
difference,cashew/Data/Images/Anomaly/025.JPG,anomaly,0.16562171280384064,OK,FN
autoencoder,cashew/Data/Images/Anomaly/025.JPG,anomaly,0.20989078283309937,NG,TP
difference,cashew/Data/Images/Anomaly/026.JPG,anomaly,0.16208042204380035,OK,FN
autoencoder,cashew/Data/Images/Anomaly/026.JPG,anomaly,0.22824300825595856,NG,TP
difference,cashew/Data/Images/Anomaly/027.JPG,anomaly,0.14843715727329254,OK,FN
autoencoder,cashew/Data/Images/Anomaly/027.JPG,anomaly,0.20908157527446747,NG,TP
difference,cashew/Data/Images/Anomaly/028.JPG,anomaly,0.11408694088459015,OK,FN
autoencoder,cashew/Data/Images/Anomaly/028.JPG,anomaly,0.1963476836681366,NG,TP
difference,cashew/Data/Images/Anomaly/029.JPG,anomaly,0.20738953351974487,NG,TP
autoencoder,cashew/Data/Images/Anomaly/029.JPG,anomaly,0.24158436059951782,NG,TP
difference,cashew/Data/Images/Anomaly/030.JPG,anomaly,0.12217356264591217,OK,FN
autoencoder,cashew/Data/Images/Anomaly/030.JPG,anomaly,0.2216314971446991,NG,TP
difference,cashew/Data/Images/Anomaly/031.JPG,anomaly,0.14296680688858032,OK,FN
autoencoder,cashew/Data/Images/Anomaly/031.JPG,anomaly,0.20512598752975464,NG,TP
difference,cashew/Data/Images/Anomaly/032.JPG,anomaly,0.24533355236053467,NG,TP
autoencoder,cashew/Data/Images/Anomaly/032.JPG,anomaly,0.21592900156974792,NG,TP
difference,cashew/Data/Images/Anomaly/033.JPG,anomaly,0.19332347810268402,NG,TP
autoencoder,cashew/Data/Images/Anomaly/033.JPG,anomaly,0.19440583884716034,NG,TP
difference,cashew/Data/Images/Anomaly/034.JPG,anomaly,0.18548642098903656,NG,TP
autoencoder,cashew/Data/Images/Anomaly/034.JPG,anomaly,0.2022896260023117,NG,TP
difference,cashew/Data/Images/Anomaly/035.JPG,anomaly,0.19342705607414246,NG,TP
autoencoder,cashew/Data/Images/Anomaly/035.JPG,anomaly,0.21354883909225464,NG,TP
difference,cashew/Data/Images/Anomaly/036.JPG,anomaly,0.16294461488723755,OK,FN
autoencoder,cashew/Data/Images/Anomaly/036.JPG,anomaly,0.18794280290603638,OK,FN
difference,cashew/Data/Images/Anomaly/037.JPG,anomaly,0.18204885721206665,NG,TP
autoencoder,cashew/Data/Images/Anomaly/037.JPG,anomaly,0.21158242225646973,NG,TP
difference,cashew/Data/Images/Anomaly/038.JPG,anomaly,0.1649634689092636,OK,FN
autoencoder,cashew/Data/Images/Anomaly/038.JPG,anomaly,0.20460431277751923,NG,TP
difference,cashew/Data/Images/Anomaly/039.JPG,anomaly,0.16009584069252014,OK,FN
autoencoder,cashew/Data/Images/Anomaly/039.JPG,anomaly,0.21353137493133545,NG,TP
difference,cashew/Data/Images/Anomaly/040.JPG,anomaly,0.12973210215568542,OK,FN
autoencoder,cashew/Data/Images/Anomaly/040.JPG,anomaly,0.20747797191143036,NG,TP
difference,cashew/Data/Images/Anomaly/041.JPG,anomaly,0.14932094514369965,OK,FN
autoencoder,cashew/Data/Images/Anomaly/041.JPG,anomaly,0.21042460203170776,NG,TP
difference,cashew/Data/Images/Anomaly/042.JPG,anomaly,0.10070373117923737,OK,FN
autoencoder,cashew/Data/Images/Anomaly/042.JPG,anomaly,0.20370766520500183,NG,TP
difference,cashew/Data/Images/Anomaly/043.JPG,anomaly,0.14349287748336792,OK,FN
autoencoder,cashew/Data/Images/Anomaly/043.JPG,anomaly,0.1887752264738083,OK,FN
difference,cashew/Data/Images/Anomaly/044.JPG,anomaly,0.16976968944072723,OK,FN
autoencoder,cashew/Data/Images/Anomaly/044.JPG,anomaly,0.1927686333656311,NG,TP
difference,cashew/Data/Images/Anomaly/045.JPG,anomaly,0.15566903352737427,OK,FN
autoencoder,cashew/Data/Images/Anomaly/045.JPG,anomaly,0.20001858472824097,NG,TP
difference,cashew/Data/Images/Anomaly/046.JPG,anomaly,0.1992114931344986,NG,TP
autoencoder,cashew/Data/Images/Anomaly/046.JPG,anomaly,0.21192538738250732,NG,TP
difference,cashew/Data/Images/Anomaly/047.JPG,anomaly,0.1643352508544922,OK,FN
autoencoder,cashew/Data/Images/Anomaly/047.JPG,anomaly,0.20151175558567047,NG,TP
difference,cashew/Data/Images/Anomaly/048.JPG,anomaly,0.15827928483486176,OK,FN
autoencoder,cashew/Data/Images/Anomaly/048.JPG,anomaly,0.1932474672794342,NG,TP
difference,cashew/Data/Images/Anomaly/049.JPG,anomaly,0.1642085164785385,OK,FN
autoencoder,cashew/Data/Images/Anomaly/049.JPG,anomaly,0.19952932000160217,NG,TP
difference,cashew/Data/Images/Anomaly/050.JPG,anomaly,0.16660380363464355,OK,FN
autoencoder,cashew/Data/Images/Anomaly/050.JPG,anomaly,0.19517499208450317,NG,TP
difference,cashew/Data/Images/Anomaly/051.JPG,anomaly,0.1488029807806015,OK,FN
autoencoder,cashew/Data/Images/Anomaly/051.JPG,anomaly,0.1967739462852478,NG,TP
difference,cashew/Data/Images/Anomaly/052.JPG,anomaly,0.20025208592414856,NG,TP
autoencoder,cashew/Data/Images/Anomaly/052.JPG,anomaly,0.22065839171409607,NG,TP
difference,cashew/Data/Images/Anomaly/053.JPG,anomaly,0.17858430743217468,NG,TP
autoencoder,cashew/Data/Images/Anomaly/053.JPG,anomaly,0.19924694299697876,NG,TP
difference,cashew/Data/Images/Anomaly/054.JPG,anomaly,0.16045448184013367,OK,FN
autoencoder,cashew/Data/Images/Anomaly/054.JPG,anomaly,0.21256810426712036,NG,TP
difference,cashew/Data/Images/Anomaly/055.JPG,anomaly,0.15605096518993378,OK,FN
autoencoder,cashew/Data/Images/Anomaly/055.JPG,anomaly,0.19066542387008667,NG,TP
difference,cashew/Data/Images/Anomaly/056.JPG,anomaly,0.14670726656913757,OK,FN
autoencoder,cashew/Data/Images/Anomaly/056.JPG,anomaly,0.2015627920627594,NG,TP
difference,cashew/Data/Images/Anomaly/057.JPG,anomaly,0.18616324663162231,NG,TP
autoencoder,cashew/Data/Images/Anomaly/057.JPG,anomaly,0.1993490308523178,NG,TP
difference,cashew/Data/Images/Anomaly/058.JPG,anomaly,0.22336964309215546,NG,TP
autoencoder,cashew/Data/Images/Anomaly/058.JPG,anomaly,0.1973753422498703,NG,TP
difference,cashew/Data/Images/Anomaly/059.JPG,anomaly,0.12783759832382202,OK,FN
autoencoder,cashew/Data/Images/Anomaly/059.JPG,anomaly,0.1869957149028778,OK,FN
difference,cashew/Data/Images/Anomaly/060.JPG,anomaly,0.1527564823627472,OK,FN
autoencoder,cashew/Data/Images/Anomaly/060.JPG,anomaly,0.2030247300863266,NG,TP
difference,cashew/Data/Images/Anomaly/061.JPG,anomaly,0.1972380429506302,NG,TP
autoencoder,cashew/Data/Images/Anomaly/061.JPG,anomaly,0.2156866192817688,NG,TP
difference,cashew/Data/Images/Anomaly/062.JPG,anomaly,0.18367180228233337,NG,TP
autoencoder,cashew/Data/Images/Anomaly/062.JPG,anomaly,0.20585185289382935,NG,TP
difference,cashew/Data/Images/Anomaly/063.JPG,anomaly,0.1567295789718628,OK,FN
autoencoder,cashew/Data/Images/Anomaly/063.JPG,anomaly,0.20299915969371796,NG,TP
difference,cashew/Data/Images/Anomaly/064.JPG,anomaly,0.1572839617729187,OK,FN
autoencoder,cashew/Data/Images/Anomaly/064.JPG,anomaly,0.19845978915691376,NG,TP
difference,cashew/Data/Images/Anomaly/065.JPG,anomaly,0.20962682366371155,NG,TP
autoencoder,cashew/Data/Images/Anomaly/065.JPG,anomaly,0.21675975620746613,NG,TP
difference,cashew/Data/Images/Anomaly/066.JPG,anomaly,0.1678752601146698,OK,FN
autoencoder,cashew/Data/Images/Anomaly/066.JPG,anomaly,0.2307368516921997,NG,TP
difference,cashew/Data/Images/Anomaly/067.JPG,anomaly,0.16759644448757172,OK,FN
autoencoder,cashew/Data/Images/Anomaly/067.JPG,anomaly,0.20242993533611298,NG,TP
difference,cashew/Data/Images/Anomaly/068.JPG,anomaly,0.162534698843956,OK,FN
autoencoder,cashew/Data/Images/Anomaly/068.JPG,anomaly,0.227118119597435,NG,TP
difference,cashew/Data/Images/Anomaly/069.JPG,anomaly,0.13671082258224487,OK,FN
autoencoder,cashew/Data/Images/Anomaly/069.JPG,anomaly,0.2048293948173523,NG,TP
difference,cashew/Data/Images/Anomaly/070.JPG,anomaly,0.2156285047531128,NG,TP
autoencoder,cashew/Data/Images/Anomaly/070.JPG,anomaly,0.21975313127040863,NG,TP
difference,cashew/Data/Images/Anomaly/071.JPG,anomaly,0.17331767082214355,NG,TP
autoencoder,cashew/Data/Images/Anomaly/071.JPG,anomaly,0.2076386660337448,NG,TP
difference,cashew/Data/Images/Anomaly/072.JPG,anomaly,0.15753446519374847,OK,FN
autoencoder,cashew/Data/Images/Anomaly/072.JPG,anomaly,0.20864547789096832,NG,TP
difference,cashew/Data/Images/Anomaly/073.JPG,anomaly,0.14941704273223877,OK,FN
autoencoder,cashew/Data/Images/Anomaly/073.JPG,anomaly,0.20925986766815186,NG,TP
difference,cashew/Data/Images/Anomaly/074.JPG,anomaly,0.20852507650852203,NG,TP
autoencoder,cashew/Data/Images/Anomaly/074.JPG,anomaly,0.20124199986457825,NG,TP
difference,cashew/Data/Images/Anomaly/075.JPG,anomaly,0.17772677540779114,NG,TP
autoencoder,cashew/Data/Images/Anomaly/075.JPG,anomaly,0.20366565883159637,NG,TP
difference,cashew/Data/Images/Anomaly/076.JPG,anomaly,0.18697038292884827,NG,TP
autoencoder,cashew/Data/Images/Anomaly/076.JPG,anomaly,0.23118172585964203,NG,TP
difference,cashew/Data/Images/Anomaly/077.JPG,anomaly,0.14918085932731628,OK,FN
autoencoder,cashew/Data/Images/Anomaly/077.JPG,anomaly,0.1989678144454956,NG,TP
difference,cashew/Data/Images/Anomaly/078.JPG,anomaly,0.17997649312019348,NG,TP
autoencoder,cashew/Data/Images/Anomaly/078.JPG,anomaly,0.21581006050109863,NG,TP
difference,cashew/Data/Images/Anomaly/079.JPG,anomaly,0.18519599735736847,NG,TP
autoencoder,cashew/Data/Images/Anomaly/079.JPG,anomaly,0.2135680615901947,NG,TP
difference,cashew/Data/Images/Anomaly/080.JPG,anomaly,0.11187499761581421,OK,FN
autoencoder,cashew/Data/Images/Anomaly/080.JPG,anomaly,0.18752418458461761,OK,FN
difference,cashew/Data/Images/Anomaly/081.JPG,anomaly,0.1345086246728897,OK,FN
autoencoder,cashew/Data/Images/Anomaly/081.JPG,anomaly,0.19650845229625702,NG,TP
difference,cashew/Data/Images/Anomaly/082.JPG,anomaly,0.20466572046279907,NG,TP
autoencoder,cashew/Data/Images/Anomaly/082.JPG,anomaly,0.19864636659622192,NG,TP
difference,cashew/Data/Images/Anomaly/083.JPG,anomaly,0.1820891946554184,NG,TP
autoencoder,cashew/Data/Images/Anomaly/083.JPG,anomaly,0.19382339715957642,NG,TP
difference,cashew/Data/Images/Anomaly/084.JPG,anomaly,0.1518547534942627,OK,FN
autoencoder,cashew/Data/Images/Anomaly/084.JPG,anomaly,0.19702841341495514,NG,TP
difference,cashew/Data/Images/Anomaly/085.JPG,anomaly,0.16445034742355347,OK,FN
autoencoder,cashew/Data/Images/Anomaly/085.JPG,anomaly,0.1961584985256195,NG,TP
difference,cashew/Data/Images/Anomaly/086.JPG,anomaly,0.147374227643013,OK,FN
autoencoder,cashew/Data/Images/Anomaly/086.JPG,anomaly,0.19432398676872253,NG,TP
difference,cashew/Data/Images/Anomaly/087.JPG,anomaly,0.12943872809410095,OK,FN
autoencoder,cashew/Data/Images/Anomaly/087.JPG,anomaly,0.2022966593503952,NG,TP
difference,cashew/Data/Images/Anomaly/088.JPG,anomaly,0.1950843185186386,NG,TP
autoencoder,cashew/Data/Images/Anomaly/088.JPG,anomaly,0.21699444949626923,NG,TP
difference,cashew/Data/Images/Anomaly/089.JPG,anomaly,0.21525847911834717,NG,TP
autoencoder,cashew/Data/Images/Anomaly/089.JPG,anomaly,0.21412616968154907,NG,TP
difference,cashew/Data/Images/Anomaly/090.JPG,anomaly,0.1934807449579239,NG,TP
autoencoder,cashew/Data/Images/Anomaly/090.JPG,anomaly,0.20444940030574799,NG,TP
difference,cashew/Data/Images/Anomaly/091.JPG,anomaly,0.18887755274772644,NG,TP
autoencoder,cashew/Data/Images/Anomaly/091.JPG,anomaly,0.20900321006774902,NG,TP
difference,cashew/Data/Images/Anomaly/092.JPG,anomaly,0.17668291926383972,NG,TP
autoencoder,cashew/Data/Images/Anomaly/092.JPG,anomaly,0.20304156839847565,NG,TP
difference,cashew/Data/Images/Anomaly/093.JPG,anomaly,0.1807062029838562,NG,TP
autoencoder,cashew/Data/Images/Anomaly/093.JPG,anomaly,0.20399801433086395,NG,TP
difference,cashew/Data/Images/Anomaly/094.JPG,anomaly,0.7074501514434814,NG,TP
autoencoder,cashew/Data/Images/Anomaly/094.JPG,anomaly,0.2268347442150116,NG,TP
difference,cashew/Data/Images/Anomaly/095.JPG,anomaly,0.5494023561477661,NG,TP
autoencoder,cashew/Data/Images/Anomaly/095.JPG,anomaly,0.23090669512748718,NG,TP
difference,cashew/Data/Images/Anomaly/096.JPG,anomaly,0.5626219511032104,NG,TP
autoencoder,cashew/Data/Images/Anomaly/096.JPG,anomaly,0.19231650233268738,NG,TP
difference,cashew/Data/Images/Anomaly/097.JPG,anomaly,0.689518928527832,NG,TP
autoencoder,cashew/Data/Images/Anomaly/097.JPG,anomaly,0.21717900037765503,NG,TP
difference,cashew/Data/Images/Anomaly/098.JPG,anomaly,0.7024424076080322,NG,TP
autoencoder,cashew/Data/Images/Anomaly/098.JPG,anomaly,0.19898921251296997,NG,TP
difference,cashew/Data/Images/Anomaly/099.JPG,anomaly,0.7303124666213989,NG,TP
autoencoder,cashew/Data/Images/Anomaly/099.JPG,anomaly,0.24877598881721497,NG,TP
